-- phpMyAdmin SQL Dump
-- version 5.2.2
-- https://www.phpmyadmin.net/
--
-- Host: localhost:3306
-- Generation Time: Aug 28, 2025 at 02:13 PM
-- Server version: 8.4.3
-- PHP Version: 8.1.30

SET SQL_MODE = "NO_AUTO_VALUE_ON_ZERO";
START TRANSACTION;
SET time_zone = "+00:00";


/*!40101 SET @OLD_CHARACTER_SET_CLIENT=@@CHARACTER_SET_CLIENT */;
/*!40101 SET @OLD_CHARACTER_SET_RESULTS=@@CHARACTER_SET_RESULTS */;
/*!40101 SET @OLD_COLLATION_CONNECTION=@@COLLATION_CONNECTION */;
/*!40101 SET NAMES utf8mb4 */;

--
-- Database: `peminjaman-alat-tkj`
--

-- --------------------------------------------------------

--
-- Table structure for table `auth_activation_attempts`
--

CREATE TABLE `auth_activation_attempts` (
  `id` int UNSIGNED NOT NULL,
  `ip_address` varchar(255) NOT NULL,
  `user_agent` varchar(255) NOT NULL,
  `token` varchar(255) DEFAULT NULL,
  `created_at` datetime NOT NULL
) ENGINE=InnoDB DEFAULT CHARSET=utf8mb3;

-- --------------------------------------------------------

--
-- Table structure for table `auth_groups`
--

CREATE TABLE `auth_groups` (
  `id` int UNSIGNED NOT NULL,
  `name` varchar(255) NOT NULL,
  `description` varchar(255) NOT NULL
) ENGINE=InnoDB DEFAULT CHARSET=utf8mb3;

--
-- Dumping data for table `auth_groups`
--

INSERT INTO `auth_groups` (`id`, `name`, `description`) VALUES
(1, 'admin', 'site administrator'),
(2, 'petugas_pengadaan', 'site super admin'),
(3, 'user', 'regular user'),
(4, 'administrator', 'superadmin');

-- --------------------------------------------------------

--
-- Table structure for table `auth_groups_permissions`
--

CREATE TABLE `auth_groups_permissions` (
  `group_id` int UNSIGNED NOT NULL DEFAULT '0',
  `permission_id` int UNSIGNED NOT NULL DEFAULT '0'
) ENGINE=InnoDB DEFAULT CHARSET=utf8mb3;

--
-- Dumping data for table `auth_groups_permissions`
--

INSERT INTO `auth_groups_permissions` (`group_id`, `permission_id`) VALUES
(1, 1),
(1, 1),
(1, 2),
(1, 2),
(2, 1),
(2, 2),
(3, 2),
(3, 2),
(4, 1),
(4, 2);

-- --------------------------------------------------------

--
-- Table structure for table `auth_groups_users`
--

CREATE TABLE `auth_groups_users` (
  `group_id` int UNSIGNED NOT NULL DEFAULT '0',
  `user_id` int UNSIGNED NOT NULL DEFAULT '0'
) ENGINE=InnoDB DEFAULT CHARSET=utf8mb3;

--
-- Dumping data for table `auth_groups_users`
--

INSERT INTO `auth_groups_users` (`group_id`, `user_id`) VALUES
(1, 1),
(1, 1),
(1, 20),
(2, 14),
(3, 15),
(3, 17),
(3, 18),
(3, 19),
(3, 21),
(4, 16);

-- --------------------------------------------------------

--
-- Table structure for table `auth_logins`
--

CREATE TABLE `auth_logins` (
  `id` int UNSIGNED NOT NULL,
  `ip_address` varchar(255) DEFAULT NULL,
  `email` varchar(255) DEFAULT NULL,
  `user_id` int UNSIGNED DEFAULT NULL,
  `date` datetime NOT NULL,
  `success` tinyint(1) NOT NULL
) ENGINE=InnoDB DEFAULT CHARSET=utf8mb3;

--
-- Dumping data for table `auth_logins`
--

INSERT INTO `auth_logins` (`id`, `ip_address`, `email`, `user_id`, `date`, `success`) VALUES
(1, '::1', 'inventaris@gmail.com', 3, '2023-10-02 17:16:08', 1),
(2, '::1', 'inventaris@gmail.com', 3, '2023-10-02 17:25:16', 1),
(3, '::1', 'inventaris@gmail.com', 3, '2023-10-03 06:09:03', 1),
(4, '::1', 'faradila@gmail.com', 4, '2023-10-03 06:25:15', 1),
(5, '::1', 'inventaris@gmail.com', 1, '2023-10-03 07:06:05', 1),
(6, '::1', 'faradila@gmail.com', 4, '2023-10-03 07:07:42', 1),
(7, '::1', 'inventaris@gmail.com', 1, '2023-10-03 07:31:53', 1),
(8, '::1', 'faradila@gmail.com', 4, '2023-10-03 07:32:13', 1),
(9, '::1', 'inventaris@gmail.com', 1, '2023-10-03 07:34:50', 1),
(10, '::1', 'faradila@gmail.com', 4, '2023-10-03 07:44:52', 1),
(11, '::1', 'inventaris@gmail.com', 1, '2023-10-03 07:45:08', 1),
(12, '::1', 'opo@gmail.com', 5, '2023-10-03 07:50:44', 1),
(13, '::1', 'faradila@gmail.com', 4, '2023-10-03 10:56:00', 1),
(14, '::1', 'opo@gmail.com', 5, '2023-10-03 10:56:19', 1),
(15, '::1', 'inventaris@gmail.com', 1, '2023-10-04 03:52:36', 1),
(16, '::1', 'faradila@gmail.com', 4, '2023-10-04 04:00:40', 1),
(17, '::1', 'inventaris@gmail.com', 1, '2023-10-04 04:29:11', 1),
(18, '::1', 'faradila@gmail.com', 4, '2023-10-04 04:29:21', 1),
(19, '::1', 'inventaris@gmail.com', 1, '2023-10-04 04:49:03', 1),
(20, '::1', 'faradila@gmail.com', 4, '2023-10-04 05:37:59', 1),
(21, '::1', 'inventaris@gmail.com', 1, '2023-10-07 17:48:16', 1),
(22, '::1', 'faradila@gmail.com', 4, '2023-10-07 17:48:28', 1),
(23, '::1', 'inventaris@gmail.com', 1, '2023-10-07 18:10:59', 1),
(24, '::1', 'adminfara', NULL, '2023-10-08 09:33:50', 0),
(25, '::1', 'faradila@gmail.com', 4, '2023-10-08 09:34:02', 1),
(26, '::1', 'inventaris@gmail.com', 1, '2023-10-08 09:34:16', 1),
(27, '::1', 'inventaris@gmail.com', 1, '2023-10-08 11:20:33', 1),
(28, '::1', 'inventaris@gmail.com', 1, '2023-10-08 12:25:36', 1),
(29, '::1', 'faradila@gmail.com', 4, '2023-10-09 03:26:48', 1),
(30, '::1', 'inventaris@gmail.com', 1, '2023-10-09 03:27:20', 1),
(31, '::1', 'faradila@gmail.com', 4, '2023-10-09 03:40:00', 1),
(32, '::1', 'inventaris@gmail.com', 1, '2023-10-09 03:40:07', 1),
(33, '::1', 'inventaris@gmail.com', 1, '2023-10-09 06:24:46', 1),
(34, '::1', 'inventaris@gmail.com', 1, '2023-10-09 07:43:57', 1),
(35, '::1', 'inventaris@gmail.com', 1, '2023-10-09 12:58:23', 1),
(36, '::1', 'inventaris@gmail.com', 1, '2023-10-10 06:42:18', 1),
(37, '::1', 'inventaris@gmail.com', 1, '2023-10-10 09:37:37', 1),
(38, '::1', 'inventaris@gmail.com', 1, '2023-10-10 09:38:18', 1),
(39, '::1', 'inventaris@gmail.com', 1, '2023-10-11 03:58:14', 1),
(40, '::1', 'inventaris@gmail.com', 1, '2023-10-11 05:31:36', 1),
(41, '::1', 'inventaris@gmail.com', 1, '2023-10-11 05:38:34', 1),
(42, '::1', 'inventaris@gmail.com', 1, '2023-10-11 07:16:12', 1),
(43, '::1', 'faradila@gmail.com', 4, '2023-10-11 07:21:41', 1),
(44, '::1', 'faradila@gmail.com', 4, '2023-10-11 07:22:12', 1),
(45, '::1', 'faradila@gmail.com', 4, '2023-10-11 07:22:33', 1),
(46, '::1', 'inventaris@gmail.com', 1, '2023-10-11 07:23:28', 1),
(47, '::1', 'inventaris@gmail.com', 1, '2023-10-11 17:27:46', 1),
(48, '::1', 'inventaris@gmail.com', 1, '2023-10-12 16:14:53', 1),
(49, '::1', 'inventaris@gmail.com', 1, '2023-10-12 16:17:48', 1),
(50, '::1', 'inventaris@gmail.com', 1, '2023-10-13 06:10:38', 1),
(51, '::1', 'inventaris@gmail.com', 1, '2023-10-14 05:59:19', 1),
(52, '::1', 'inventaris@gmail.com', 1, '2023-10-14 06:09:07', 1),
(53, '::1', 'Kfc@gmail.com', 6, '2023-10-14 06:10:50', 1),
(54, '::1', 'mcdonalds@gmail.com', 7, '2023-10-14 06:11:57', 1),
(55, '::1', 'faradila@gmail.com', 4, '2023-10-14 07:30:38', 1),
(56, '::1', 'inventaris@gmail.com', 1, '2023-10-15 14:46:57', 1),
(57, '::1', 'inventaris@gmail.com', 1, '2023-10-15 15:09:22', 1),
(58, '::1', 'inventaris@gmail.com', 1, '2023-10-15 16:10:37', 1),
(59, '::1', 'inventaris@gmail.com', 1, '2023-10-17 04:40:38', 1),
(60, '::1', 'inventaris@gmail.com', 1, '2023-10-18 06:17:02', 1),
(61, '::1', 'inventaris@gmail.com', 1, '2023-10-18 10:01:27', 1),
(62, '::1', 'inventaris@gmail.com', 1, '2023-10-19 01:46:00', 1),
(63, '::1', 'inventaris@gmail.com', 1, '2023-10-19 09:54:49', 1),
(64, '::1', 'inventaris@gmail.com', 1, '2023-10-19 18:53:19', 1),
(65, '::1', 'inventaris@gmail.com', 1, '2023-10-20 06:37:41', 1),
(66, '::1', 'inventaris@gmail.com', 1, '2023-10-21 05:14:35', 1),
(67, '::1', 'inventaris@gmail.com', 1, '2023-10-22 04:27:42', 1),
(68, '::1', 'inventaris@gmail.com', 1, '2023-10-22 05:50:46', 1),
(69, '::1', 'inventaris@gmail.com', 1, '2023-10-22 12:43:36', 1),
(70, '::1', 'inventaris@gmail.com', 1, '2023-10-23 04:08:19', 1),
(71, '::1', 'inventaris@gmail.com', 1, '2023-10-23 07:35:56', 1),
(72, '::1', 'inventaris@gmail.com', 1, '2023-10-24 09:27:59', 1),
(73, '::1', 'inventaris@gmail.com', 1, '2023-10-25 03:40:12', 1),
(74, '::1', 'inventaris@gmail.com', 1, '2023-10-25 14:37:06', 1),
(75, '::1', 'inventaris@gmail.com', 1, '2023-10-25 15:31:32', 1),
(76, '::1', 'inventaris@gmail.com', 1, '2023-10-25 15:37:33', 1),
(77, '::1', 'inventaris@gmail.com', 1, '2023-10-25 17:40:57', 1),
(78, '::1', 'inventaris@gmail.com', 1, '2023-10-25 17:57:13', 1),
(79, '::1', 'inventaris@gmail.com', 1, '2023-10-25 18:02:21', 1),
(80, '::1', 'inventaris@gmail.com', 1, '2023-10-25 18:05:54', 1),
(81, '::1', 'inventaris@gmail.com', 1, '2023-10-25 18:12:10', 1),
(82, '::1', 'inventaris@gmail.com', 1, '2023-10-25 18:15:02', 1),
(83, '::1', 'inventaris@gmail.com', 1, '2023-10-26 01:50:54', 1),
(84, '::1', 'inventaris@gmail.com', 1, '2023-10-26 12:41:27', 1),
(85, '::1', 'inventaris@gmail.com', 1, '2023-10-27 02:16:18', 1),
(86, '::1', 'faradila@gmail.com', 4, '2023-10-27 14:35:01', 1),
(87, '::1', 'Kfc@gmail.com', 6, '2023-10-27 14:48:35', 1),
(88, '::1', 'user@gmail.com', 4, '2023-10-27 14:50:07', 1),
(89, '::1', 'user@gmail.com', 4, '2023-10-27 15:57:15', 1),
(90, '::1', 'admin@gmail.com', 1, '2023-10-27 15:57:30', 1),
(91, '::1', 'user@gmail.com', 4, '2023-10-28 03:29:07', 1),
(92, '::1', 'admin@gmail.com', 1, '2023-10-28 07:06:57', 1),
(93, '::1', 'admin@gmail.com', 1, '2023-10-31 07:10:45', 1),
(94, '::1', 'user@gmail.com', 4, '2023-10-31 08:36:57', 1),
(95, '::1', 'admin@gmail.com', 1, '2023-11-01 04:04:22', 1),
(96, '::1', 'admin@gmail.com', 1, '2023-11-02 02:09:19', 1),
(97, '::1', 'admin@gmail.com', 1, '2023-11-03 02:03:37', 1),
(98, '::1', 'admin@gmail.com', 1, '2023-11-03 06:42:22', 1),
(99, '::1', 'user@gmail.com', 4, '2023-11-03 06:50:25', 1),
(100, '::1', 'user@gmail.com', 4, '2023-11-03 08:35:46', 1),
(101, '::1', 'admin@gmail.com', 1, '2023-11-03 08:41:29', 1),
(102, '::1', 'user@gmail.com', 4, '2023-11-03 08:47:44', 1),
(103, '::1', 'admin@gmail.com', 1, '2023-11-03 08:51:29', 1),
(104, '::1', 'admin@gmail.com', 1, '2023-11-03 08:53:07', 1),
(105, '::1', 'user@gmail.com', 4, '2023-11-03 10:23:21', 1),
(106, '::1', 'user', NULL, '2023-11-03 11:06:03', 0),
(107, '::1', 'user', NULL, '2023-11-03 11:06:08', 0),
(108, '::1', 'user', NULL, '2023-11-03 11:06:16', 0),
(109, '::1', 'user', NULL, '2023-11-03 11:08:28', 0),
(110, '::1', 'user@gmail.com', 4, '2023-11-03 11:08:47', 1),
(111, '::1', 'admin@gmail.com', 1, '2023-11-03 11:37:24', 1),
(112, '::1', 'admin@gmail.com', 1, '2023-11-04 06:47:02', 1),
(113, '::1', 'user@gmail.com', 4, '2023-11-04 07:37:48', 1),
(114, '::1', 'admin@gmail.com', 1, '2023-11-04 07:39:13', 1),
(115, '::1', 'admin@gmail.com', 1, '2023-11-04 09:28:22', 1),
(116, '::1', 'user@gmail.com', 4, '2023-11-04 10:02:34', 1),
(117, '::1', 'user@gmail.com', 4, '2023-11-04 15:15:07', 1),
(118, '::1', 'admin@gmail.com', 1, '2023-11-04 15:30:57', 1),
(119, '::1', 'admin@gmail.com', 1, '2023-11-04 15:41:16', 1),
(120, '::1', 'user@gmail.com', 4, '2023-11-04 15:56:33', 1),
(121, '::1', 'user@gmail.com', 4, '2023-11-05 03:35:45', 1),
(122, '::1', 'admin@gmail.com', 1, '2023-11-05 05:55:18', 1),
(123, '::1', 'superadmin@gmail.com', 8, '2023-11-05 10:23:01', 1),
(124, '::1', 'user@gmail.com', 4, '2023-11-05 13:40:55', 1),
(125, '::1', 'ayangkamu@gmail.com', 9, '2023-11-05 17:37:23', 1),
(126, '::1', 'superadmin@gmail.com', 8, '2023-11-05 17:45:52', 1),
(127, '::1', 'ayangkamu@gmail.com', 9, '2023-11-05 18:06:19', 1),
(128, '::1', 'user@gmail.com', 4, '2023-11-06 00:16:03', 1),
(129, '::1', 'user@gmail.com', 4, '2023-11-06 13:40:14', 1),
(130, '::1', 'user@gmail.com', 4, '2023-11-07 03:28:07', 1),
(131, '::1', 'Ratri', NULL, '2023-11-07 03:29:51', 0),
(132, '::1', 'Ratri', NULL, '2023-11-07 03:30:01', 0),
(133, '::1', 'admin@gmail.com', 1, '2023-11-07 03:30:05', 1),
(134, '::1', 'admin@gmail.com', 1, '2023-11-07 08:42:50', 1),
(135, '::1', 'Bayu', NULL, '2023-11-07 08:48:28', 0),
(136, '::1', 'Bayu', NULL, '2023-11-07 08:51:37', 0),
(137, '::1', 'user@gmail.com', 4, '2023-11-07 08:51:48', 1),
(138, '::1', 'user@gmail.com', 4, '2023-11-07 10:57:21', 1),
(139, '::1', 'user@gmail.com', 4, '2023-11-07 11:39:31', 1),
(140, '::1', 'user@gmail.com', 4, '2023-11-07 14:02:35', 1),
(141, '::1', 'admin@gmail.com', 1, '2023-11-07 14:29:55', 1),
(142, '::1', 'user@gmail.com', 4, '2023-11-07 15:24:50', 1),
(143, '::1', 'admin@gmail.com', 1, '2023-11-07 15:24:55', 1),
(144, '::1', 'user@gmail.com', 4, '2023-11-07 16:05:00', 1),
(145, '::1', 'user@gmail.com', 4, '2023-11-07 16:13:35', 1),
(146, '::1', 'user@gmail.com', 4, '2023-11-07 16:16:27', 1),
(147, '::1', 'admin@gmail.com', 1, '2023-11-07 16:24:48', 1),
(148, '::1', 'user@gmail.com', 4, '2023-11-07 16:28:12', 1),
(149, '::1', 'user@gmail.com', 4, '2023-11-07 17:28:40', 1),
(150, '::1', 'admin@gmail.com', 1, '2023-11-07 17:35:12', 1),
(151, '::1', 'juniandri@gmail.com', 4, '2023-11-07 18:05:24', 1),
(152, '::1', 'user@gmail.com', 4, '2023-11-08 03:52:15', 1),
(153, '::1', 'admin@gmail.com', 1, '2023-11-08 04:15:47', 1),
(154, '::1', 'superadmin@gmail.com', 8, '2023-11-08 04:53:48', 1),
(155, '::1', 'admin@gmail.com', 1, '2023-11-08 05:03:47', 1),
(156, '::1', 'superadmin@gmail.com', 8, '2023-11-08 05:08:33', 1),
(157, '::1', 'admin@gmail.com', 1, '2023-11-08 05:52:02', 1),
(158, '::1', 'user@gmail.com', 4, '2023-11-08 06:01:05', 1),
(159, '::1', 'superadmin@gmail.com', 8, '2023-11-08 06:13:38', 1),
(160, '::1', 'admin@gmail.com', 1, '2023-11-09 02:54:48', 1),
(161, '::1', 'admin@gmail.com', 1, '2023-11-09 02:54:49', 1),
(162, '::1', 'admin@gmail.com', 1, '2023-11-09 15:15:52', 1),
(163, '::1', 'admin@gmail.com', 1, '2023-11-10 04:09:09', 1),
(164, '::1', 'admin@gmail.com', 1, '2023-11-10 14:14:56', 1),
(165, '::1', 'admin@gmail.com', 1, '2023-11-11 07:44:12', 1),
(166, '::1', 'user@gmail.com', 4, '2023-11-11 07:44:32', 1),
(167, '::1', 'admin@gmail.com', 1, '2023-11-11 08:02:30', 1),
(168, '::1', 'admin@gmail.com', 1, '2023-11-12 06:29:12', 1),
(169, '::1', 'user', NULL, '2023-11-12 06:32:46', 0),
(170, '::1', 'user', NULL, '2023-11-12 06:32:55', 0),
(171, '::1', 'user@gmail.com', 4, '2023-11-12 06:33:52', 1),
(172, '::1', 'superadmin@gmail.com', 8, '2023-11-12 06:35:50', 1),
(173, '::1', 'admin@gmail.com', 1, '2023-11-12 06:40:00', 1),
(174, '::1', 'user@gmail.com', 4, '2023-11-12 06:42:58', 1),
(175, '::1', 'admin@gmail.com', 1, '2023-11-12 06:59:35', 1),
(176, '::1', 'admin@gmail.com', 1, '2023-11-12 11:43:35', 1),
(177, '::1', 'admin@gmail.com', 1, '2023-11-14 08:49:53', 1),
(178, '::1', 'user@gmail.com', 4, '2023-11-14 09:13:54', 1),
(179, '::1', 'admin@gmail.com', 1, '2023-11-15 04:41:37', 1),
(180, '::1', 'user@gmail.com', 4, '2023-11-15 05:26:25', 1),
(181, '::1', 'admin@gmail.com', 1, '2023-11-16 06:09:13', 1),
(182, '::1', 'user@gmail.com', 4, '2023-11-16 07:19:50', 1),
(183, '::1', 'admin@gmail.com', 1, '2023-11-17 03:39:23', 1),
(184, '::1', 'admin@gmail.com', 1, '2023-11-17 07:23:18', 1),
(185, '::1', 'admin@gmail.com', 1, '2023-11-17 08:42:56', 1),
(186, '::1', 'admin@gmail.com', 1, '2023-11-17 09:34:15', 1),
(187, '::1', 'admin@gmail.com', 1, '2023-11-17 10:19:13', 1),
(188, '::1', 'admin@gmail.com', 1, '2023-11-17 12:51:48', 1),
(189, '::1', 'admin@gmail.com', 1, '2023-11-17 14:46:38', 1),
(190, '::1', 'admin@gmail.com', 1, '2023-11-18 03:59:40', 1),
(191, '::1', 'admin@gmail.com', 1, '2023-11-18 04:28:28', 1),
(192, '::1', 'admin@gmail.com', 1, '2023-11-21 10:07:32', 1),
(193, '::1', 'admin@gmail.com', 1, '2023-11-22 07:55:12', 1),
(194, '::1', 'user@gmail.com', 4, '2023-11-22 07:55:49', 1),
(195, '::1', 'admin@gmail.com', 1, '2023-11-22 08:30:40', 1),
(196, '::1', 'user@gmail.com', 4, '2023-11-22 10:42:10', 1),
(197, '::1', 'superadmin@gmail.com', 8, '2023-11-22 10:44:19', 1),
(198, '::1', 'admin@gmail.com', 1, '2023-11-22 10:47:42', 1),
(199, '::1', 'admin@gmail.com', 1, '2023-11-23 05:10:43', 1),
(200, '::1', 'user@gmail.com', 4, '2023-11-23 05:30:00', 1),
(201, '::1', 'admin@gmail.com', 1, '2023-11-23 14:33:27', 1),
(202, '::1', 'user@gmail.com', 4, '2023-11-23 14:34:26', 1),
(203, '::1', 'admin@gmail.com', 1, '2023-11-23 14:38:12', 1),
(204, '::1', 'superadmin@gmail.com', 8, '2023-11-23 14:41:23', 1),
(205, '::1', 'admin@gmail.com', 1, '2023-11-23 14:43:31', 1),
(206, '::1', 'sadmin', NULL, '2023-11-23 14:47:51', 0),
(207, '::1', 'sadmin', NULL, '2023-11-23 14:47:59', 0),
(208, '::1', 'superadmin@gmail.com', 8, '2023-11-23 14:48:09', 1),
(209, '::1', 'admin@gmail.com', 1, '2023-11-23 14:50:52', 1),
(210, '::1', 'superadmin@gmail.com', 8, '2023-11-23 14:56:14', 1),
(211, '::1', 'admin@gmail.com', 1, '2023-11-23 16:41:43', 1),
(212, '::1', 'admin@gmail.com', 1, '2023-11-24 06:57:19', 1),
(213, '::1', 'user@gmail.com', 4, '2023-11-24 06:58:24', 1),
(214, '::1', 'user@gmail.com', 4, '2023-11-25 15:03:08', 1),
(215, '::1', 'user@gmail.com', 4, '2023-11-26 16:59:35', 1),
(216, '::1', 'admin@gmail.com', 1, '2023-11-26 17:05:44', 1),
(217, '::1', 'superadmin@gmail.com', 8, '2023-11-26 17:21:38', 1),
(218, '::1', 'user@gmail.com', 4, '2023-11-26 17:22:35', 1),
(219, '::1', 'admin@gmail.com', 1, '2023-11-26 17:25:47', 1),
(220, '::1', 'user@gmail.com', 4, '2023-11-26 17:48:04', 1),
(221, '::1', 'admin@gmail.com', 1, '2023-11-26 18:02:22', 1),
(222, '::1', 'admin@gmail.com', 1, '2023-11-27 02:11:51', 1),
(223, '::1', 'user@gmail.com', 4, '2023-11-27 03:35:33', 1),
(224, '::1', 'admin@gmail.com', 1, '2023-11-27 04:39:17', 1),
(225, '::1', 'user@gmail.com', 4, '2023-11-27 12:44:40', 1),
(226, '::1', 'admin@gmail.com', 1, '2023-11-28 05:54:00', 1),
(227, '::1', 'user@gmail.com', 4, '2023-11-28 06:25:26', 1),
(228, '::1', 'admin@gmail.com', 1, '2023-11-28 08:22:31', 1),
(229, '::1', 'admin@gmail.com', 1, '2023-11-28 14:10:20', 1),
(230, '::1', 'user@gmail.com', 4, '2023-11-28 14:14:56', 1),
(231, '::1', 'admin@gmail.com', 1, '2023-11-28 14:27:00', 1),
(232, '::1', 'user@gmail.com', 4, '2023-11-28 16:30:57', 1),
(233, '::1', 'bps@gmail.com', 10, '2023-11-28 16:35:26', 1),
(234, '::1', 'superadmin@gmail.com', 8, '2023-11-28 19:18:14', 1),
(235, '::1', 'admin@gmail.com', 1, '2023-11-29 05:07:42', 1),
(236, '::1', 'user@gmail.com', 4, '2023-11-29 07:12:59', 1),
(237, '::1', 'admin@gmail.com', 1, '2023-11-29 07:15:07', 1),
(238, '::1', 'user@gmail.com', 4, '2023-11-29 07:46:43', 1),
(239, '::1', 'admin@gmail.com', 1, '2023-11-30 06:27:38', 1),
(240, '::1', 'admin@gmail.com', 1, '2023-11-30 06:27:40', 1),
(241, '::1', 'superadmin@gmail.com', 8, '2023-11-30 06:49:24', 1),
(242, '::1', 'admin@gmail.com', 1, '2023-11-30 06:50:37', 1),
(243, '::1', 'superadmin@gmail.com', 8, '2023-11-30 06:51:24', 1),
(244, '::1', 'user@gmail.com', 4, '2023-12-01 06:28:24', 1),
(245, '::1', 'admin@gmail.com', 1, '2023-12-01 06:28:54', 1),
(246, '::1', 'admin', NULL, '2023-12-02 06:13:31', 0),
(247, '::1', 'admin@gmail.com', 1, '2023-12-02 06:13:46', 1),
(248, '::1', 'DrsRahyudin', NULL, '2023-12-02 06:51:39', 0),
(249, '::1', 'admin@gmail.com', 1, '2023-12-02 06:51:59', 1),
(250, '::1', 'admin@gmail.com', 1, '2023-12-04 09:48:18', 1),
(251, '::1', 'admin@gmail.com', 1, '2023-12-04 17:05:36', 1),
(252, '::1', 'admin@gmail.com', 1, '2023-12-04 17:08:43', 1),
(253, '::1', 'admin@gmail.com', 1, '2023-12-04 18:15:41', 1),
(254, '::1', 'admin@gmail.com', 1, '2023-12-05 07:15:10', 1),
(255, '::1', 'admin@gmail.com', 1, '2023-12-06 04:29:02', 1),
(256, '::1', 'admin@gmail.com', 1, '2023-12-06 05:16:09', 1),
(257, '::1', 'atena@gmail.com', 11, '2023-12-06 05:54:05', 1),
(258, '::1', 'admin@gmail.com', 1, '2023-12-06 06:27:00', 1),
(259, '::1', 'admin@gmail.com', 1, '2023-12-06 06:48:16', 1),
(260, '::1', 'admin@gmail.com', 1, '2023-12-06 08:34:35', 1),
(261, '::1', 'fatrisfaradila@gmail.com', 13, '2023-12-06 08:41:14', 1),
(262, '::1', 'admin@gmail.com', 1, '2023-12-06 08:41:23', 1),
(263, '::1', 'admin@gmail.com', 1, '2023-12-06 10:51:08', 1),
(264, '::1', 'admin@gmail.com', 1, '2023-12-07 01:38:21', 1),
(265, '::1', 'superadmin@gmail.com', 8, '2023-12-07 01:55:20', 1),
(266, '::1', 'admin@gmail.com', 1, '2023-12-07 09:43:23', 1),
(267, '::1', 'fatrisfaradila@gmail.com', 13, '2023-12-07 11:03:32', 1),
(268, '::1', 'admin@gmail.com', 1, '2023-12-07 14:41:36', 1),
(269, '::1', 'fatris', 13, '2023-12-07 15:04:14', 0),
(270, '::1', 'fatris', 13, '2023-12-07 15:04:30', 0),
(271, '::1', 'admin@gmail.com', 1, '2023-12-08 03:14:54', 1),
(272, '::1', 'admin@gmail.com', 1, '2023-12-09 17:27:17', 1),
(273, '::1', 'admin@gmail.com', 1, '2023-12-10 04:28:22', 1),
(274, '::1', 'admin@gmail.com', 1, '2023-12-10 05:04:48', 1),
(275, '::1', 'user@gmail.com', 4, '2023-12-10 05:05:47', 1),
(276, '::1', 'admin@gmail.com', 1, '2023-12-10 05:09:30', 1),
(277, '::1', 'admin@gmail.com', 1, '2023-12-10 05:15:14', 1),
(278, '::1', 'admin@gmail.com', 1, '2023-12-10 05:27:07', 1),
(279, '::1', 'user@gmail.com', 4, '2023-12-10 05:34:56', 1),
(280, '::1', 'admin@gmail.com', 1, '2023-12-10 05:40:15', 1),
(281, '::1', 'admin@gmail.com', 1, '2023-12-10 07:48:21', 1),
(282, '::1', 'admin@gmail.com', 1, '2023-12-10 11:46:33', 1),
(283, '::1', 'user@gmail.com', 4, '2023-12-10 11:49:41', 1),
(284, '::1', 'user@gmail.com', 4, '2023-12-10 12:01:29', 1),
(285, '::1', 'admin@gmail.com', 1, '2023-12-11 02:55:30', 1),
(286, '::1', 'admin@gmail.com', 1, '2023-12-11 14:47:57', 1),
(287, '::1', 'user@gmail.com', 4, '2023-12-11 15:36:20', 1),
(288, '::1', 'admin@gmail.com', 1, '2023-12-11 15:59:42', 1),
(289, '::1', 'admin@gmail.com', 1, '2023-12-12 08:50:58', 1),
(290, '::1', 'admin@gmail.com', 1, '2023-12-13 10:31:47', 1),
(291, '::1', 'user@gmail.com', 4, '2023-12-13 10:38:44', 1),
(292, '::1', 'admin@gmail.com', 1, '2023-12-17 10:04:31', 1),
(293, '::1', 'user@gmail.com', 4, '2023-12-17 10:18:33', 1),
(294, '::1', 'user@gmail.com', 4, '2023-12-17 10:27:06', 1),
(295, '::1', 'admin@gmail.com', 1, '2023-12-17 10:27:19', 1),
(296, '::1', 'superadmin@gmail.com', 8, '2023-12-17 10:41:07', 1),
(297, '::1', 'admin@gmail.com', 1, '2023-12-17 15:03:06', 1),
(298, '::1', 'admin@gmail.com', 1, '2023-12-18 06:35:41', 1),
(299, '::1', 'admin@gmail.com', 1, '2023-12-18 06:41:22', 1),
(300, '::1', 'admin@gmail.com', 1, '2023-12-19 06:09:25', 1),
(301, '::1', 'user@gmail.com', 4, '2023-12-19 06:11:46', 1),
(302, '::1', 'admin@gmail.com', 1, '2023-12-19 08:51:38', 1),
(303, '::1', 'admin@gmail.com', 1, '2023-12-19 16:35:41', 1),
(304, '::1', 'user@gmail.com', 4, '2023-12-20 07:08:48', 1),
(305, '::1', 'admin@gmail.com', 1, '2023-12-20 07:09:32', 1),
(306, '::1', 'user@gmail.com', 4, '2023-12-20 07:13:42', 1),
(307, '::1', 'admin@gmail.com', 1, '2023-12-20 07:14:15', 1),
(308, '::1', 'user@gmail.com', 4, '2023-12-20 07:15:47', 1),
(309, '::1', 'admin@gmail.com', 1, '2023-12-20 07:16:32', 1),
(310, '::1', 'admin@gmail.com', 1, '2023-12-21 03:03:19', 1),
(311, '::1', 'admin', NULL, '2023-12-21 03:27:57', 0),
(312, '::1', 'admin@gmail.com', 1, '2023-12-21 03:37:32', 1),
(313, '::1', 'user@gmail.com', 4, '2023-12-21 06:05:06', 1),
(314, '::1', 'superadmin@gmail.com', 8, '2023-12-21 07:41:38', 1),
(315, '::1', 'admin@gmail.com', 1, '2023-12-22 12:20:15', 1),
(316, '::1', 'user@gmail.com', 4, '2023-12-22 13:35:58', 1),
(317, '::1', 'admin@gmail.com', 1, '2023-12-22 13:39:54', 1),
(318, '::1', 'user', NULL, '2023-12-22 14:57:16', 0),
(319, '::1', 'user', NULL, '2023-12-22 14:58:08', 0),
(320, '::1', 'superadmin@gmail.com', 8, '2023-12-22 18:37:03', 1),
(321, '::1', 'admin@gmail.com', 1, '2023-12-23 01:47:15', 1),
(322, '::1', 'admin@gmail.com', 1, '2023-12-23 08:45:40', 1),
(323, '::1', 'admin@gmail.com', 1, '2023-12-25 15:48:22', 1),
(324, '::1', 'admin@gmail.com', 1, '2023-12-26 05:09:35', 1),
(325, '::1', 'admin', NULL, '2023-12-27 10:45:07', 0),
(326, '::1', 'admin', NULL, '2023-12-27 10:45:23', 0),
(327, '::1', 'admin@gmail.com', 1, '2023-12-27 10:45:39', 1),
(328, '::1', 'admin@gmail.com', 1, '2023-12-30 08:26:34', 1),
(329, '::1', 'admin@gmail.com', 1, '2023-12-30 13:45:10', 1),
(330, '::1', 'admin@gmail.com', 1, '2023-12-31 01:24:24', 1),
(331, '::1', 'admin@gmail.com', 1, '2023-12-31 02:06:44', 1),
(332, '::1', 'admin@gmail.com', 1, '2023-12-31 04:16:49', 1),
(333, '::1', 'user@gmail.com', 4, '2023-12-31 04:17:18', 1),
(334, '::1', 'admin@gmail.com', 1, '2024-01-01 01:07:24', 1),
(335, '::1', 'user@gmail.com', 4, '2024-01-01 01:13:18', 1),
(336, '::1', 'admin@gmail.com', 1, '2024-01-01 01:37:48', 1),
(337, '::1', 'admin@gmail.com', 1, '2024-01-01 02:33:01', 1),
(338, '::1', 'admin@gmail.com', 1, '2024-01-01 02:39:20', 1),
(339, '::1', 'admin@gmail.com', 1, '2024-01-01 02:56:50', 1),
(340, '::1', 'admin@gmail.com', 1, '2024-01-06 02:23:28', 1),
(341, '::1', 'admin@gmail.com', 1, '2024-01-06 02:24:59', 1),
(342, '::1', 'superadmin@gmail.com', 8, '2024-01-06 04:46:04', 1),
(343, '::1', 'superadmin@gmail.com', 8, '2024-01-06 09:57:02', 1),
(344, '::1', 'admin@gmail.com', 1, '2024-01-06 09:57:20', 1),
(345, '::1', 'admin@gmail.com', 1, '2024-01-08 08:06:18', 1),
(346, '::1', 'superadmin@gmail.com', 8, '2024-01-08 08:46:01', 1),
(347, '::1', 'admin@gmail.com', 1, '2024-01-08 08:48:03', 1),
(348, '::1', 'user@gmail.com', 4, '2024-01-08 09:32:56', 1),
(349, '::1', 'superadmin@gmail.com', 8, '2024-01-09 09:02:53', 1),
(350, '::1', 'admin@gmail.com', 1, '2024-01-09 15:42:02', 1),
(351, '::1', 'admin@gmail.com', 1, '2024-01-09 15:42:23', 1),
(352, '::1', 'admin@gmail.com', 1, '2024-01-09 15:49:27', 1),
(353, '::1', 'admin@gmail.com', 1, '2024-01-09 15:58:18', 1),
(354, '::1', 'admin@gmail.com', 1, '2024-01-09 16:25:30', 1),
(355, '::1', 'pegawai@gmail.com', 15, '2024-01-09 16:25:44', 1),
(356, '::1', 'petugas', NULL, '2024-01-09 16:25:57', 0),
(357, '::1', 'petugas_pengadaan@gmail.com', 14, '2024-01-09 16:26:05', 1),
(358, '::1', 'admin@gmail.com', 1, '2024-01-10 18:21:39', 1),
(359, '::1', 'admin@gmail.com', 1, '2024-01-11 09:31:14', 1),
(360, '::1', 'pegawai@gmail.com', 15, '2024-01-11 11:16:39', 1),
(361, '::1', 'pegawai@gmail.com', 15, '2024-01-11 11:52:33', 1),
(362, '::1', 'pegawai@gmail.com', 15, '2024-01-11 11:52:45', 1),
(363, '::1', 'petugas_pengadaan@gmail.com', 14, '2024-01-11 11:53:16', 1),
(364, '::1', 'petugas_pengadaan@gmail.com', 14, '2024-01-11 12:04:14', 1),
(365, '::1', 'petugas_pengadaan@gmail.com', 14, '2024-01-11 15:21:44', 1),
(366, '::1', 'admin@gmail.com', 1, '2024-01-12 20:28:22', 1),
(367, '::1', 'petugas_pengadaan@gmail.com', 14, '2024-01-12 20:35:29', 1),
(368, '::1', 'petugas_pengadaan@gmail.com', 14, '2024-01-12 23:07:18', 1),
(369, '::1', 'admin@gmail.com', 1, '2024-01-13 01:31:13', 1),
(370, '::1', 'petugas_pengadaan@gmail.com', 14, '2024-01-13 06:31:26', 1),
(371, '::1', 'admin@gmail.com', 1, '2024-01-13 06:55:21', 1),
(372, '::1', 'admin@gmail.com', 1, '2024-01-13 09:39:45', 1),
(373, '::1', 'petugas_pengadaan@gmail.com', 14, '2024-01-13 09:41:15', 1),
(374, '::1', 'pegawai@gmail.com', 15, '2024-01-13 09:48:39', 1),
(375, '::1', 'petugas_pengadaan@gmail.com', 14, '2024-01-13 09:53:50', 1),
(376, '::1', 'admin@gmail.com', 1, '2024-01-13 09:55:16', 1),
(377, '::1', 'admin@gmail.com', 1, '2024-01-13 22:41:43', 1),
(378, '::1', 'admin@gmail.com', 1, '2024-01-14 13:30:14', 1),
(379, '::1', 'admin@gmail.com', 1, '2024-01-14 19:33:51', 1),
(380, '::1', 'admin@gmail.com', 1, '2024-01-15 11:07:23', 1),
(381, '::1', 'admin@gmail.com', 1, '2024-01-15 13:42:51', 1),
(382, '::1', 'pegawai@gmail.com', 15, '2024-01-15 14:50:49', 1),
(383, '::1', 'petugas_pengadaan@gmail.com', 14, '2024-01-15 17:10:26', 1),
(384, '::1', 'petugas_pengadaan@gmail.com', 14, '2024-01-15 20:40:26', 1),
(385, '::1', 'admin@gmail.com', 1, '2024-01-15 21:03:05', 1),
(386, '::1', 'adminventaris', NULL, '2024-01-15 22:44:28', 0),
(387, '::1', 'admin@gmail.com', 1, '2024-01-15 22:44:33', 1),
(388, '::1', 'admin@gmail.com', 1, '2024-01-15 22:45:20', 1),
(389, '::1', 'petugas_pengadaan@gmail.com', 14, '2024-01-15 22:45:36', 1),
(390, '::1', 'petugas_pengadaan@gmail.com', 14, '2024-01-16 09:17:29', 1),
(391, '::1', 'admin@gmail.com', 1, '2024-01-16 09:17:35', 1),
(392, '::1', 'admin@gmail.com', 1, '2024-01-16 11:39:46', 1),
(393, '::1', 'petugas_pengadaan@gmail.com', 14, '2024-01-16 11:40:59', 1),
(394, '::1', 'pegawai@gmail.com', 15, '2024-01-18 17:45:55', 1),
(395, '::1', 'admin@gmail.com', 1, '2024-01-18 18:42:57', 1),
(396, '::1', 'pegawai@gmail.com', 15, '2024-01-18 18:44:58', 1),
(397, '::1', 'pegawai@gmail.com', 15, '2024-01-18 18:45:57', 1),
(398, '::1', 'pegawai@gmail.com', 15, '2024-01-18 19:52:28', 1),
(399, '::1', 'petugas_pengadaan@gmail.com', 14, '2024-01-18 20:39:55', 1),
(400, '::1', 'admin@gmail.com', 1, '2024-01-18 22:37:07', 1),
(401, '::1', 'pegawai@gmail.com', 15, '2024-01-19 08:13:09', 1),
(402, '::1', 'pegawai@gmail.com', 15, '2024-01-19 08:29:34', 1),
(403, '::1', 'petugas_pengadaan@gmail.com', 14, '2024-01-19 08:29:49', 1),
(404, '::1', 'admin@gmail.com', 1, '2024-01-19 09:34:31', 1),
(405, '::1', 'admin@gmail.com', 1, '2024-01-20 11:10:00', 1),
(406, '::1', 'pegawai@gmail.com', 15, '2024-01-20 11:10:03', 1),
(407, '::1', 'pegawai@gmail.com', 15, '2024-01-20 13:58:13', 1),
(408, '::1', 'pegawai@gmail.com', 15, '2024-01-20 13:59:57', 1),
(409, '::1', 'pegawai@gmail.com', 15, '2024-01-20 14:09:09', 1),
(410, '::1', 'pegawai@gmail.com', 15, '2024-01-20 14:42:38', 1),
(411, '::1', 'pegawai@gmail.com', 15, '2024-01-20 15:03:25', 1),
(412, '::1', 'pegawai@gmail.com', 15, '2024-01-20 15:09:30', 1),
(413, '::1', 'admin@gmail.com', 1, '2024-01-20 15:59:23', 1),
(414, '::1', 'pegawai@gmail.com', 15, '2024-01-20 16:00:10', 1),
(415, '::1', 'pegawai@gmail.com', 15, '2024-01-20 17:31:26', 1),
(416, '::1', 'admin@gmail.com', 1, '2024-01-20 17:51:22', 1),
(417, '::1', 'admin@gmail.com', 1, '2024-01-20 21:54:45', 1),
(418, '::1', 'admin@gmail.com', 1, '2024-01-21 10:33:16', 1),
(419, '::1', 'admin@gmail.com', 1, '2024-01-21 21:49:26', 1),
(420, '::1', 'petugas_pengadaan@gmail.com', 14, '2024-01-22 11:38:50', 1),
(421, '::1', 'admin@gmail.com', 1, '2024-01-22 14:36:37', 1),
(422, '::1', 'admin@gmail.com', 1, '2024-02-05 08:18:46', 1),
(423, '::1', 'admin@gmail.com', 1, '2024-02-05 12:20:36', 1),
(424, '::1', 'admin', NULL, '2024-02-05 20:54:04', 0),
(425, '::1', 'admin@gmail.com', 1, '2024-02-05 20:55:53', 1),
(426, '::1', 'admin', NULL, '2024-02-06 06:30:10', 0),
(427, '::1', 'admin', NULL, '2024-02-06 06:30:18', 0),
(428, '::1', 'admin', NULL, '2024-02-06 06:30:27', 0),
(429, '::1', 'admin@gmail.com', 1, '2024-02-06 06:30:49', 1),
(430, '::1', 'admmin', NULL, '2024-02-06 17:10:13', 0),
(431, '::1', 'admin', NULL, '2024-02-06 17:10:26', 0),
(432, '::1', 'admin@gmail.com', 1, '2024-02-06 17:10:34', 1),
(433, '::1', 'admin@gmail.com', 1, '2024-02-07 08:15:05', 1),
(434, '::1', 'admin@gmail.com', 1, '2024-02-07 17:39:20', 1),
(435, '::1', 'admin@gmail.com', 1, '2024-02-07 20:37:16', 1),
(436, '::1', 'admin', NULL, '2024-02-08 10:33:17', 0),
(437, '::1', 'admin@gmail.com', 1, '2024-02-08 10:33:24', 1),
(438, '::1', 'admin@gmail.com', 1, '2024-02-08 13:34:45', 1),
(439, '::1', 'petugas_pengadaan@gmail.com', 14, '2024-02-08 15:04:56', 1),
(440, '::1', 'pegawai@gmail.com', 15, '2024-02-08 15:05:48', 1),
(441, '::1', 'admin', NULL, '2024-02-08 16:24:43', 0),
(442, '::1', 'admin@gmail.com', 1, '2024-02-08 16:25:02', 1),
(443, '::1', 'admin', NULL, '2024-02-08 22:41:15', 0),
(444, '::1', 'admin@gmail.com', 1, '2024-02-08 22:41:26', 1),
(445, '::1', 'admin', NULL, '2024-02-09 19:46:16', 0),
(446, '::1', 'admin', NULL, '2024-02-09 19:46:23', 0),
(447, '::1', 'admin@gmail.com', 1, '2024-02-09 19:46:36', 1),
(448, '::1', 'petugas_pengadaan@gmail.com', 14, '2024-02-09 21:41:19', 1),
(449, '::1', 'admin@gmail.com', 1, '2024-02-09 22:45:04', 1),
(450, '::1', 'petugas_pengadaan@gmail.com', 14, '2024-02-10 10:52:33', 1),
(451, '::1', 'Karyawan', NULL, '2024-02-10 10:58:42', 0),
(452, '::1', 'admin', NULL, '2024-02-10 10:58:57', 0),
(453, '::1', 'admin@gmail.com', 1, '2024-02-10 10:59:05', 1),
(454, '::1', 'pegawai', NULL, '2024-02-10 11:01:52', 0),
(455, '::1', 'pegawai@gmail.com', 15, '2024-02-10 11:02:01', 1),
(456, '::1', 'admin@gmail.com', 1, '2024-02-10 16:32:00', 1),
(457, '::1', 'admin@gmail.com', 1, '2024-02-10 17:12:42', 1),
(458, '::1', 'pegawai@gmail.com', 15, '2024-02-10 17:13:13', 1),
(459, '::1', 'admin', NULL, '2024-02-10 19:11:07', 0),
(460, '::1', 'admin', NULL, '2024-02-10 19:11:26', 0),
(461, '::1', 'admin', NULL, '2024-02-10 19:11:33', 0),
(462, '::1', 'admin', NULL, '2024-02-10 19:11:56', 0),
(463, '::1', 'admin@gmail.com', 1, '2024-02-10 19:12:04', 1),
(464, '::1', 'petugas_pengadaan@gmail.com', 14, '2024-02-10 19:26:03', 1),
(465, '::1', 'admin@gmail.com', 1, '2024-02-10 19:47:35', 1),
(466, '::1', 'admin@gmail.com', 1, '2024-02-10 20:25:16', 1),
(467, '::1', 'petugas_pengadaan@gmail.com', 14, '2024-02-10 20:26:14', 1),
(468, '::1', 'admin@gmail.com', 1, '2024-02-10 21:37:56', 1),
(469, '::1', 'petugas_pengadaan@gmail.com', 14, '2024-02-10 22:20:57', 1),
(470, '::1', 'pegawai@gmail.com', 15, '2024-02-10 22:23:24', 1),
(471, '::1', 'petugas_pengadaan@gmail.com', 14, '2024-02-10 22:29:59', 1),
(472, '::1', 'admin@gmail.com', 1, '2024-02-10 22:30:18', 1),
(473, '::1', 'admin@gmail.com', 1, '2024-02-11 10:58:53', 1),
(474, '::1', 'petugas_pengadaan@gmail.com', 14, '2024-02-11 11:41:38', 1),
(475, '::1', 'admin@gmail.com', 1, '2024-02-11 13:08:31', 1),
(476, '::1', 'petugas_pengadaan@gmail.com', 14, '2024-02-11 13:10:20', 1),
(477, '::1', 'petugas_pengadaan@gmail.com', 14, '2024-02-11 17:57:46', 1),
(478, '::1', 'admin', NULL, '2024-02-12 09:38:36', 0),
(479, '::1', 'admin@gmail.com', 1, '2024-02-12 09:38:46', 1),
(480, '::1', 'pegawai@gmail.com', 15, '2024-02-12 09:46:33', 1),
(481, '::1', 'admin@gmail.com', 1, '2024-02-12 09:47:22', 1),
(482, '::1', 'admin@gmail.com', 1, '2024-02-12 22:28:59', 1),
(483, '::1', 'petugas', NULL, '2024-02-12 22:57:54', 0),
(484, '::1', 'petugas_pengadaan@gmail.com', 14, '2024-02-12 22:58:09', 1),
(485, '::1', 'pegawai@gmail.com', 15, '2024-02-12 22:58:28', 1),
(486, '::1', 'admin', NULL, '2024-02-12 23:01:05', 0),
(487, '::1', 'admin@gmail.com', 1, '2024-02-12 23:02:26', 1),
(488, '::1', 'admin@gmail.com', 1, '2024-02-13 16:35:20', 1),
(489, '::1', 'pegawai', NULL, '2024-02-13 17:56:18', 0),
(490, '::1', 'pegawai@gmail.com', 15, '2024-02-13 17:56:28', 1),
(491, '::1', 'admin@gmail.com', 1, '2024-02-13 18:05:22', 1),
(492, '::1', 'admin@gmail.com', 1, '2024-02-15 22:12:46', 1),
(493, '::1', 'petugas_pengadaan@gmail.com', 14, '2024-02-15 23:15:13', 1),
(494, '::1', 'petugas_pengadaan@gmail.com', 14, '2024-02-15 23:25:03', 1),
(495, '::1', 'admin', NULL, '2024-02-15 23:26:44', 0),
(496, '::1', 'admin', NULL, '2024-02-15 23:26:50', 0),
(497, '::1', 'admin@gmail.com', 1, '2024-02-15 23:26:56', 1),
(498, '::1', 'pegawai', NULL, '2024-02-15 23:34:23', 0),
(499, '::1', 'pegawai@gmail.com', 15, '2024-02-15 23:34:36', 1),
(500, '::1', 'admin@gmail.com', 1, '2024-02-15 23:35:16', 1),
(501, '::1', 'admin', NULL, '2024-02-17 20:48:05', 0),
(502, '::1', 'admin@gmail.com', 1, '2024-02-17 20:51:43', 1),
(503, '::1', 'admin@gmail.com', 1, '2024-02-18 12:09:41', 1),
(504, '::1', 'admin@gmail.com', 1, '2024-02-18 14:52:32', 1),
(505, '::1', 'pegawai@gmail.com', 15, '2024-02-18 15:15:27', 1),
(506, '::1', 'pegawai@gmail.com', 15, '2024-02-18 15:29:00', 1),
(507, '::1', 'admin@gmail.com', 1, '2024-02-18 18:54:29', 1),
(508, '::1', 'pegawai@gmail.com', 15, '2024-02-18 18:54:49', 1),
(509, '::1', 'petugas_pengadaan@gmail.com', 14, '2024-02-18 19:00:15', 1),
(510, '::1', 'admin', NULL, '2024-02-18 19:01:10', 0),
(511, '::1', 'admin', NULL, '2024-02-18 19:01:21', 0),
(512, '::1', 'admin@gmail.com', 1, '2024-02-18 19:01:32', 1),
(513, '::1', 'admin@gmail.com', 1, '2024-02-19 05:25:17', 1),
(514, '::1', 'administrator@gmail.com', 16, '2024-02-19 06:38:05', 1),
(515, '::1', 'admin', NULL, '2024-02-19 06:47:38', 0),
(516, '::1', 'admin@gmail.com', 1, '2024-02-19 06:48:33', 1),
(517, '::1', 'admin@gmail.com', 1, '2024-02-19 09:50:34', 1),
(518, '::1', 'pegawai@gmail.com', 15, '2024-02-19 09:51:30', 1),
(519, '::1', 'admin@gmail.com', 1, '2024-02-19 13:24:20', 1),
(520, '::1', 'admin@gmail.com', 1, '2024-02-20 08:02:57', 1),
(521, '::1', 'pegawai@gmail.com', 15, '2024-02-20 08:16:05', 1),
(522, '::1', 'pegawai@gmail.com', 15, '2024-02-20 12:44:27', 1),
(523, '::1', 'admin@gmail.com', 1, '2024-02-20 16:16:02', 1),
(524, '::1', 'pegawai@gmail.com', 15, '2024-02-20 16:26:05', 1),
(525, '::1', 'admin@gmail.com', 1, '2024-02-20 16:33:33', 1),
(526, '::1', 'pegawai', NULL, '2024-02-20 16:42:23', 0),
(527, '::1', 'pegawai@gmail.com', 15, '2024-02-20 16:42:32', 1),
(528, '::1', 'administrator@gmail.com', 16, '2024-02-20 17:34:04', 1),
(529, '::1', 'ganda', NULL, '2024-02-20 17:34:53', 0),
(530, '::1', 'ganda@gmail.com', 17, '2024-02-20 17:35:01', 1),
(531, '::1', 'administrator@gmail.com', 16, '2024-02-20 17:36:05', 1),
(532, '::1', 'gandagunawan@gmail.com', 18, '2024-02-20 17:40:06', 1),
(533, '::1', 'ganda@gmail.com', 17, '2024-02-20 17:41:32', 1),
(534, '::1', 'admin@gmail.com', 1, '2024-02-20 17:45:57', 1),
(535, '::1', 'administrator@gmail.com', 16, '2024-02-20 17:52:53', 1),
(536, '::1', 'bu@gmail.com', 19, '2024-02-20 17:53:52', 1),
(537, '::1', 'pegawai@gmail.com', 15, '2024-02-20 18:05:29', 1),
(538, '::1', 'admin@gmail.com', 1, '2024-02-20 23:16:23', 1),
(539, '::1', 'pegawai@gmail.com', 15, '2024-02-20 23:40:33', 1),
(540, '::1', 'bu@gmail.com', 19, '2024-02-20 23:41:45', 1),
(541, '::1', 'admin@gmail.com', 1, '2024-02-21 05:47:34', 1),
(542, '::1', 'pegawai@gmail.com', 15, '2024-02-21 05:49:06', 1),
(543, '::1', 'admin@gmail.com', 1, '2024-02-21 09:49:21', 1),
(544, '::1', 'pegawai@gmail.com', 15, '2024-02-21 09:51:42', 1),
(545, '::1', 'admin@gmail.com', 1, '2024-02-22 10:33:51', 1),
(546, '::1', 'admin@gmail.com', 1, '2024-02-22 10:40:30', 1),
(547, '::1', 'pegawai@gmail.com', 15, '2024-02-22 10:53:04', 1),
(548, '::1', 'admin@gmail.com', 1, '2024-02-23 16:34:22', 1),
(549, '::1', 'pegawai@gmail.com', 15, '2024-02-23 16:47:00', 1),
(550, '::1', 'admin@gmail.com', 1, '2024-02-23 17:03:39', 1),
(551, '::1', 'pegawai@gmail.com', 15, '2024-02-23 17:04:45', 1),
(552, '::1', 'admin@gmail.com', 1, '2024-03-18 04:03:22', 1),
(553, '::1', 'petugas_pengadaan@gmail.com', 14, '2024-03-18 04:12:24', 1),
(554, '::1', 'administrator@gmail.com', 16, '2024-03-18 04:13:35', 1),
(555, '::1', 'admin@gmail.com', 1, '2024-03-18 10:08:55', 1),
(556, '::1', 'pegawai@gmail.com', 15, '2024-03-18 10:43:13', 1),
(557, '::1', 'admin@gmail.com', 1, '2024-03-21 23:15:32', 1),
(558, '::1', 'pegawai@gmail.com', 15, '2024-03-21 23:17:32', 1),
(559, '::1', 'pegawai@gmail.com', 15, '2024-03-21 23:17:33', 1),
(560, '::1', 'pegawai@gmail.com', 15, '2024-03-21 23:33:45', 1),
(561, '::1', 'pegawai', NULL, '2024-03-21 23:36:49', 0),
(562, '::1', 'pegawai@gmail.com', 15, '2024-03-21 23:36:53', 1),
(563, '::1', 'admin@gmail.com', 1, '2024-03-21 23:39:28', 1),
(564, '::1', 'admin@gmail.com', 1, '2024-03-22 00:20:08', 1),
(565, '::1', 'pegawai@gmail.com', 15, '2024-03-22 00:23:42', 1),
(566, '::1', 'pegawai@gmail.com', 15, '2024-03-22 00:26:12', 1),
(567, '::1', 'admin@gmail.com', 1, '2024-03-22 00:28:06', 1),
(568, '::1', 'admin@gmail.com', 1, '2024-03-22 00:44:26', 1),
(569, '::1', 'admin@gmail.com', 1, '2024-03-22 00:45:15', 1),
(570, '::1', 'pegawai@gmail.com', 15, '2024-03-22 00:46:38', 1),
(571, '::1', 'admin@gmail.com', 1, '2024-03-22 00:50:26', 1),
(572, '::1', 'petugas_pengadaan@gmail.com', 14, '2024-03-22 00:54:56', 1),
(573, '::1', 'admin@gmail.com', 1, '2024-03-22 00:56:17', 1),
(574, '::1', 'pegawai@gmail.com', 15, '2024-03-22 00:56:33', 1),
(575, '::1', 'pegawai@gmail.com', 15, '2024-03-22 00:57:36', 1),
(576, '::1', 'admin@gmail.com', 1, '2024-03-22 01:00:09', 1),
(577, '::1', 'petugas_pengadaan@gmail.com', 14, '2024-03-22 01:04:57', 1),
(578, '::1', 'administrator@gmail.com', 16, '2024-03-22 01:06:43', 1),
(579, '::1', 'administrator@gmail.com', 16, '2024-03-22 01:12:00', 1),
(580, '::1', 'admin@gmail.com', 1, '2024-03-22 01:12:21', 1),
(581, '::1', 'gg@gmail.com', 20, '2025-08-28 19:48:28', 1),
(582, '::1', 'use@gmail.com', 21, '2025-08-28 19:51:20', 1),
(583, '::1', 'gg@gmail.com', 20, '2025-08-28 19:53:15', 1);

-- --------------------------------------------------------

--
-- Table structure for table `auth_permissions`
--

CREATE TABLE `auth_permissions` (
  `id` int UNSIGNED NOT NULL,
  `name` varchar(255) NOT NULL,
  `description` varchar(255) NOT NULL
) ENGINE=InnoDB DEFAULT CHARSET=utf8mb3;

--
-- Dumping data for table `auth_permissions`
--

INSERT INTO `auth_permissions` (`id`, `name`, `description`) VALUES
(1, 'manage user\'s', 'Manage All user\'s'),
(2, 'manage-profile', 'Manage user\'s profile');

-- --------------------------------------------------------

--
-- Table structure for table `auth_reset_attempts`
--

CREATE TABLE `auth_reset_attempts` (
  `id` int UNSIGNED NOT NULL,
  `email` varchar(255) NOT NULL,
  `ip_address` varchar(255) NOT NULL,
  `user_agent` varchar(255) NOT NULL,
  `token` varchar(255) DEFAULT NULL,
  `created_at` datetime NOT NULL
) ENGINE=InnoDB DEFAULT CHARSET=utf8mb3;

-- --------------------------------------------------------

--
-- Table structure for table `auth_tokens`
--

CREATE TABLE `auth_tokens` (
  `id` int UNSIGNED NOT NULL,
  `selector` varchar(255) NOT NULL,
  `hashedValidator` varchar(255) NOT NULL,
  `user_id` int UNSIGNED NOT NULL,
  `expires` datetime NOT NULL
) ENGINE=InnoDB DEFAULT CHARSET=utf8mb3;

-- --------------------------------------------------------

--
-- Table structure for table `auth_users_permissions`
--

CREATE TABLE `auth_users_permissions` (
  `user_id` int UNSIGNED NOT NULL DEFAULT '0',
  `permission_id` int UNSIGNED NOT NULL DEFAULT '0'
) ENGINE=InnoDB DEFAULT CHARSET=utf8mb3;

-- --------------------------------------------------------

--
-- Table structure for table `balasan_pengadaan`
--

CREATE TABLE `balasan_pengadaan` (
  `id` int NOT NULL,
  `id_pengadaan` int NOT NULL,
  `kategori` varchar(50) NOT NULL,
  `balasan_pengadaan` text NOT NULL
) ENGINE=InnoDB DEFAULT CHARSET=utf8mb4 COLLATE=utf8mb4_0900_ai_ci;

-- --------------------------------------------------------

--
-- Table structure for table `balasan_permintaan`
--

CREATE TABLE `balasan_permintaan` (
  `id` int NOT NULL,
  `id_permintaan_barang` int NOT NULL,
  `kategori` varchar(30) NOT NULL,
  `balasan_permintaan` text NOT NULL
) ENGINE=InnoDB DEFAULT CHARSET=utf8mb4 COLLATE=utf8mb4_0900_ai_ci;

-- --------------------------------------------------------

--
-- Table structure for table `barang`
--

CREATE TABLE `barang` (
  `kode_barang` int NOT NULL,
  `id_master_barang` int DEFAULT NULL,
  `id_satuan` int NOT NULL,
  `tanggal_barang_masuk` date DEFAULT NULL,
  `tanggal_barang_keluar` date DEFAULT NULL,
  `stok` int DEFAULT NULL,
  `jenis_transaksi` text NOT NULL,
  `jumlah_pengurangan_stok` int DEFAULT NULL,
  `jumlah_penambahan_stok` int NOT NULL,
  `deleted_at` datetime DEFAULT NULL
) ENGINE=InnoDB DEFAULT CHARSET=utf8mb4 COLLATE=utf8mb4_0900_ai_ci;

-- --------------------------------------------------------

--
-- Table structure for table `detail_master`
--

CREATE TABLE `detail_master` (
  `detail_master_id` int NOT NULL,
  `master_barang` varchar(255) NOT NULL,
  `tipe_barang` varchar(255) NOT NULL
) ENGINE=InnoDB DEFAULT CHARSET=utf8mb4 COLLATE=utf8mb4_0900_ai_ci;

--
-- Dumping data for table `detail_master`
--

INSERT INTO `detail_master` (`detail_master_id`, `master_barang`, `tipe_barang`) VALUES
(1, 'PRI-20250828-507', 'hrd');

-- --------------------------------------------------------

--
-- Table structure for table `detail_pengadaan_barang`
--

CREATE TABLE `detail_pengadaan_barang` (
  `id` int NOT NULL,
  `id_pengadaan_barang` varchar(255) NOT NULL,
  `id_balasan_pengadaan` int NOT NULL,
  `nama_pengaju` varchar(50) NOT NULL,
  `nama_barang` varchar(50) NOT NULL,
  `spesifikasi` text NOT NULL,
  `jumlah` int NOT NULL,
  `alasan_pengadaan` text NOT NULL,
  `jumlah_disetujui` int NOT NULL,
  `catatan` text NOT NULL,
  `tgl_pengajuan` datetime NOT NULL,
  `tgl_proses` datetime NOT NULL,
  `tgl_selesai` datetime NOT NULL,
  `status` varchar(50) NOT NULL,
  `status_akhir` varchar(50) NOT NULL
) ENGINE=InnoDB DEFAULT CHARSET=utf8mb4 COLLATE=utf8mb4_0900_ai_ci;

-- --------------------------------------------------------

--
-- Table structure for table `detail_permintaan_barang`
--

CREATE TABLE `detail_permintaan_barang` (
  `id` int NOT NULL,
  `id_balasan_permintaan` int NOT NULL,
  `id_user` int NOT NULL,
  `id_permintaan_barang` varchar(255) NOT NULL,
  `nama_pengaju` varchar(30) NOT NULL,
  `jumlah` int NOT NULL,
  `perihal` text NOT NULL,
  `detail` text NOT NULL,
  `tanggal_pengajuan` datetime NOT NULL,
  `tanggal_diproses` datetime NOT NULL,
  `tanggal_selesai` datetime NOT NULL,
  `status` char(15) NOT NULL,
  `status_akhir` text NOT NULL,
  `kode_barang` int DEFAULT NULL
) ENGINE=InnoDB DEFAULT CHARSET=utf8mb4 COLLATE=utf8mb4_0900_ai_ci;

-- --------------------------------------------------------

--
-- Table structure for table `inventaris`
--

CREATE TABLE `inventaris` (
  `kode_barang` varchar(255) NOT NULL,
  `id_master_barang` int NOT NULL,
  `kondisi` varchar(100) NOT NULL,
  `spesifikasi` varchar(110) NOT NULL,
  `id_satuan` int NOT NULL,
  `lokasi` varchar(255) NOT NULL,
  `qrcode` text NOT NULL,
  `file` text NOT NULL,
  `created_at` datetime NOT NULL,
  `updated_at` datetime NOT NULL,
  `deleted_at` datetime NOT NULL,
  `detail` varchar(110) NOT NULL
) ENGINE=InnoDB DEFAULT CHARSET=utf8mb4 COLLATE=utf8mb4_0900_ai_ci;

--
-- Dumping data for table `inventaris`
--

INSERT INTO `inventaris` (`kode_barang`, `id_master_barang`, `kondisi`, `spesifikasi`, `id_satuan`, `lokasi`, `qrcode`, `file`, `created_at`, `updated_at`, `deleted_at`, `detail`) VALUES
('KD-20250828085356824', 1, 'baru', ',', 3, 'Lab', '', '', '0000-00-00 00:00:00', '0000-00-00 00:00:00', '0000-00-00 00:00:00', '');

-- --------------------------------------------------------

--
-- Table structure for table `master_barang`
--

CREATE TABLE `master_barang` (
  `kode_brg` varchar(255) NOT NULL,
  `nama_brg` varchar(255) NOT NULL,
  `jenis_brg` enum('hrd','sfw') CHARACTER SET utf8mb4 COLLATE utf8mb4_0900_ai_ci DEFAULT NULL,
  `merk` varchar(255) NOT NULL,
  `created_at` datetime NOT NULL,
  `updated_at` datetime NOT NULL
) ENGINE=InnoDB DEFAULT CHARSET=utf8mb4 COLLATE=utf8mb4_0900_ai_ci;

--
-- Dumping data for table `master_barang`
--

INSERT INTO `master_barang` (`kode_brg`, `nama_brg`, `jenis_brg`, `merk`, `created_at`, `updated_at`) VALUES
('PRI-20250828-507', 'Printer', NULL, 'Epson', '0000-00-00 00:00:00', '0000-00-00 00:00:00');

-- --------------------------------------------------------

--
-- Table structure for table `migrations`
--

CREATE TABLE `migrations` (
  `id` bigint UNSIGNED NOT NULL,
  `version` varchar(255) NOT NULL,
  `class` varchar(255) NOT NULL,
  `group` varchar(255) NOT NULL,
  `namespace` varchar(255) NOT NULL,
  `time` int NOT NULL,
  `batch` int UNSIGNED NOT NULL
) ENGINE=InnoDB DEFAULT CHARSET=utf8mb3;

--
-- Dumping data for table `migrations`
--

INSERT INTO `migrations` (`id`, `version`, `class`, `group`, `namespace`, `time`, `batch`) VALUES
(1, '2017-11-20-223112', 'Myth\\Auth\\Database\\Migrations\\CreateAuthTables', 'default', 'Myth\\Auth', 1695796381, 1);

-- --------------------------------------------------------

--
-- Table structure for table `pengadaan_barang`
--

CREATE TABLE `pengadaan_barang` (
  `pengadaan_barang_id` varchar(255) NOT NULL,
  `tanggal_pengadaan` date NOT NULL,
  `tahun_periode` varchar(255) NOT NULL,
  `id_user` int NOT NULL
) ENGINE=InnoDB DEFAULT CHARSET=utf8mb4 COLLATE=utf8mb4_0900_ai_ci;

-- --------------------------------------------------------

--
-- Table structure for table `pengecekan`
--

CREATE TABLE `pengecekan` (
  `pengecekan_id` int NOT NULL,
  `id_inventaris` varchar(255) NOT NULL,
  `tanggal_pengecekan` date NOT NULL,
  `lokasi_lama` varchar(255) NOT NULL,
  `keterangan` varchar(255) NOT NULL
) ENGINE=InnoDB DEFAULT CHARSET=utf8mb4 COLLATE=utf8mb4_0900_ai_ci;

--
-- Dumping data for table `pengecekan`
--

INSERT INTO `pengecekan` (`pengecekan_id`, `id_inventaris`, `tanggal_pengecekan`, `lokasi_lama`, `keterangan`) VALUES
(1, 'KD-20250828085356824', '2025-08-28', 'Lab', 'baru');

-- --------------------------------------------------------

--
-- Table structure for table `permintaan_barang`
--

CREATE TABLE `permintaan_barang` (
  `permintaan_barang_id` varchar(255) NOT NULL,
  `tanggal_permintaan` date NOT NULL,
  `id_user` int NOT NULL
) ENGINE=InnoDB DEFAULT CHARSET=utf8mb4 COLLATE=utf8mb4_0900_ai_ci;

-- --------------------------------------------------------

--
-- Table structure for table `satuan`
--

CREATE TABLE `satuan` (
  `satuan_id` int NOT NULL,
  `nama_satuan` varchar(255) DEFAULT NULL,
  `created_at` datetime DEFAULT NULL,
  `updated_at` datetime DEFAULT NULL
) ENGINE=InnoDB DEFAULT CHARSET=utf8mb4 COLLATE=utf8mb4_0900_ai_ci;

--
-- Dumping data for table `satuan`
--

INSERT INTO `satuan` (`satuan_id`, `nama_satuan`, `created_at`, `updated_at`) VALUES
(2, 'UNIT', '2024-02-06 22:29:33', '2024-02-06 22:29:33'),
(3, 'PAKET', '2024-02-06 22:29:48', '2024-02-06 22:29:48'),
(4, 'PCS', '2024-02-10 21:41:14', '2024-02-10 21:41:14'),
(5, 'RIM', '2024-02-10 21:41:59', '2024-02-10 21:41:59'),
(7, 'BUAH', '2024-02-20 23:18:56', '2024-02-20 23:18:56'),
(8, 'BIJI', '2024-02-20 23:19:12', '2024-02-20 23:19:12'),
(9, 'PACK', '2024-02-20 23:19:24', '2024-02-20 23:19:24'),
(10, 'BOX', '2024-02-20 23:19:34', '2024-02-20 23:19:34');

-- --------------------------------------------------------

--
-- Table structure for table `transaksi_barang`
--

CREATE TABLE `transaksi_barang` (
  `id` int NOT NULL,
  `kode_barang` int DEFAULT NULL,
  `tanggal_barang_masuk` date DEFAULT NULL,
  `tanggal_barang_keluar` date DEFAULT NULL,
  `stok` int NOT NULL,
  `jenis_transaksi` varchar(20) NOT NULL,
  `informasi_tambahan` text,
  `jumlah_perubahan` int NOT NULL,
  `deleted_at` datetime NOT NULL
) ENGINE=InnoDB DEFAULT CHARSET=utf8mb4 COLLATE=utf8mb4_0900_ai_ci;

-- --------------------------------------------------------

--
-- Table structure for table `users`
--

CREATE TABLE `users` (
  `id` int UNSIGNED NOT NULL,
  `email` varchar(255) NOT NULL,
  `username` varchar(30) DEFAULT NULL,
  `fullname` varchar(255) DEFAULT NULL,
  `foto` varchar(255) NOT NULL DEFAULT 'profil.svg',
  `password_hash` varchar(255) NOT NULL,
  `reset_hash` varchar(255) DEFAULT NULL,
  `reset_at` datetime DEFAULT NULL,
  `reset_expires` datetime DEFAULT NULL,
  `activate_hash` varchar(255) DEFAULT NULL,
  `status` varchar(255) DEFAULT NULL,
  `status_message` varchar(255) DEFAULT NULL,
  `active` tinyint(1) NOT NULL DEFAULT '0',
  `force_pass_reset` tinyint(1) NOT NULL DEFAULT '0',
  `created_at` datetime DEFAULT NULL,
  `updated_at` datetime DEFAULT NULL,
  `deleted_at` datetime DEFAULT NULL
) ENGINE=InnoDB DEFAULT CHARSET=utf8mb3;

--
-- Dumping data for table `users`
--

INSERT INTO `users` (`id`, `email`, `username`, `fullname`, `foto`, `password_hash`, `reset_hash`, `reset_at`, `reset_expires`, `activate_hash`, `status`, `status_message`, `active`, `force_pass_reset`, `created_at`, `updated_at`, `deleted_at`) VALUES
(20, 'gg@gmail.com', 'admin', 'petugas', 'profil.svg', '$2y$10$hyyJBauXdAnqszFH2kVZYO4WG/2Z4eeYDkGQU6XIP1Bye.TVgIcvS', NULL, NULL, NULL, NULL, NULL, NULL, 1, 0, '2025-08-28 19:48:19', '2025-08-28 19:48:19', NULL),
(21, 'use@gmail.com', 'user', NULL, 'profil.svg', '$2y$10$rF42lZ0QiaALflej8R4vIuE6Rzc1yliMtgDQmV2PDXpWDvHJYru7O', NULL, NULL, NULL, NULL, NULL, NULL, 1, 0, '2025-08-28 19:51:15', '2025-08-28 19:51:15', NULL);

--
-- Indexes for dumped tables
--

--
-- Indexes for table `auth_activation_attempts`
--
ALTER TABLE `auth_activation_attempts`
  ADD PRIMARY KEY (`id`);

--
-- Indexes for table `auth_groups`
--
ALTER TABLE `auth_groups`
  ADD PRIMARY KEY (`id`);

--
-- Indexes for table `auth_groups_permissions`
--
ALTER TABLE `auth_groups_permissions`
  ADD KEY `auth_groups_permissions_permission_id_foreign` (`permission_id`),
  ADD KEY `group_id_permission_id` (`group_id`,`permission_id`);

--
-- Indexes for table `auth_groups_users`
--
ALTER TABLE `auth_groups_users`
  ADD KEY `auth_groups_users_user_id_foreign` (`user_id`),
  ADD KEY `group_id_user_id` (`group_id`,`user_id`);

--
-- Indexes for table `auth_logins`
--
ALTER TABLE `auth_logins`
  ADD PRIMARY KEY (`id`),
  ADD KEY `email` (`email`),
  ADD KEY `user_id` (`user_id`);

--
-- Indexes for table `auth_permissions`
--
ALTER TABLE `auth_permissions`
  ADD PRIMARY KEY (`id`);

--
-- Indexes for table `auth_reset_attempts`
--
ALTER TABLE `auth_reset_attempts`
  ADD PRIMARY KEY (`id`);

--
-- Indexes for table `auth_tokens`
--
ALTER TABLE `auth_tokens`
  ADD PRIMARY KEY (`id`),
  ADD KEY `auth_tokens_user_id_foreign` (`user_id`),
  ADD KEY `selector` (`selector`);

--
-- Indexes for table `auth_users_permissions`
--
ALTER TABLE `auth_users_permissions`
  ADD KEY `auth_users_permissions_permission_id_foreign` (`permission_id`),
  ADD KEY `user_id_permission_id` (`user_id`,`permission_id`);

--
-- Indexes for table `balasan_pengadaan`
--
ALTER TABLE `balasan_pengadaan`
  ADD PRIMARY KEY (`id`);

--
-- Indexes for table `balasan_permintaan`
--
ALTER TABLE `balasan_permintaan`
  ADD PRIMARY KEY (`id`);

--
-- Indexes for table `barang`
--
ALTER TABLE `barang`
  ADD PRIMARY KEY (`kode_barang`),
  ADD UNIQUE KEY `kode_barang` (`kode_barang`),
  ADD KEY `barang_ibfk_2` (`id_satuan`),
  ADD KEY `id_master_barang` (`id_master_barang`);

--
-- Indexes for table `detail_master`
--
ALTER TABLE `detail_master`
  ADD PRIMARY KEY (`detail_master_id`),
  ADD KEY `master_barang` (`master_barang`);

--
-- Indexes for table `detail_pengadaan_barang`
--
ALTER TABLE `detail_pengadaan_barang`
  ADD PRIMARY KEY (`id`),
  ADD KEY `id_pengadaan_barang` (`id_pengadaan_barang`);

--
-- Indexes for table `detail_permintaan_barang`
--
ALTER TABLE `detail_permintaan_barang`
  ADD PRIMARY KEY (`id`),
  ADD KEY `fk_permintaan_barang_barang` (`kode_barang`),
  ADD KEY `id_permintaan_barang` (`id_permintaan_barang`);

--
-- Indexes for table `inventaris`
--
ALTER TABLE `inventaris`
  ADD PRIMARY KEY (`kode_barang`),
  ADD KEY `id_satuan` (`id_satuan`),
  ADD KEY `id_master_barang` (`id_master_barang`);

--
-- Indexes for table `master_barang`
--
ALTER TABLE `master_barang`
  ADD PRIMARY KEY (`kode_brg`);

--
-- Indexes for table `migrations`
--
ALTER TABLE `migrations`
  ADD PRIMARY KEY (`id`);

--
-- Indexes for table `pengadaan_barang`
--
ALTER TABLE `pengadaan_barang`
  ADD PRIMARY KEY (`pengadaan_barang_id`);

--
-- Indexes for table `pengecekan`
--
ALTER TABLE `pengecekan`
  ADD PRIMARY KEY (`pengecekan_id`),
  ADD KEY `pengecekan_ibfk_1` (`id_inventaris`);

--
-- Indexes for table `permintaan_barang`
--
ALTER TABLE `permintaan_barang`
  ADD PRIMARY KEY (`permintaan_barang_id`);

--
-- Indexes for table `satuan`
--
ALTER TABLE `satuan`
  ADD PRIMARY KEY (`satuan_id`);

--
-- Indexes for table `transaksi_barang`
--
ALTER TABLE `transaksi_barang`
  ADD PRIMARY KEY (`id`),
  ADD KEY `kode_barang` (`kode_barang`);

--
-- Indexes for table `users`
--
ALTER TABLE `users`
  ADD PRIMARY KEY (`id`),
  ADD UNIQUE KEY `email` (`email`),
  ADD UNIQUE KEY `username` (`username`);

--
-- AUTO_INCREMENT for dumped tables
--

--
-- AUTO_INCREMENT for table `auth_activation_attempts`
--
ALTER TABLE `auth_activation_attempts`
  MODIFY `id` int UNSIGNED NOT NULL AUTO_INCREMENT;

--
-- AUTO_INCREMENT for table `auth_groups`
--
ALTER TABLE `auth_groups`
  MODIFY `id` int UNSIGNED NOT NULL AUTO_INCREMENT, AUTO_INCREMENT=5;

--
-- AUTO_INCREMENT for table `auth_logins`
--
ALTER TABLE `auth_logins`
  MODIFY `id` int UNSIGNED NOT NULL AUTO_INCREMENT, AUTO_INCREMENT=584;

--
-- AUTO_INCREMENT for table `auth_permissions`
--
ALTER TABLE `auth_permissions`
  MODIFY `id` int UNSIGNED NOT NULL AUTO_INCREMENT, AUTO_INCREMENT=3;

--
-- AUTO_INCREMENT for table `auth_reset_attempts`
--
ALTER TABLE `auth_reset_attempts`
  MODIFY `id` int UNSIGNED NOT NULL AUTO_INCREMENT;

--
-- AUTO_INCREMENT for table `auth_tokens`
--
ALTER TABLE `auth_tokens`
  MODIFY `id` int UNSIGNED NOT NULL AUTO_INCREMENT;

--
-- AUTO_INCREMENT for table `balasan_pengadaan`
--
ALTER TABLE `balasan_pengadaan`
  MODIFY `id` int NOT NULL AUTO_INCREMENT;

--
-- AUTO_INCREMENT for table `balasan_permintaan`
--
ALTER TABLE `balasan_permintaan`
  MODIFY `id` int NOT NULL AUTO_INCREMENT;

--
-- AUTO_INCREMENT for table `barang`
--
ALTER TABLE `barang`
  MODIFY `kode_barang` int NOT NULL AUTO_INCREMENT;

--
-- AUTO_INCREMENT for table `detail_master`
--
ALTER TABLE `detail_master`
  MODIFY `detail_master_id` int NOT NULL AUTO_INCREMENT, AUTO_INCREMENT=2;

--
-- AUTO_INCREMENT for table `detail_pengadaan_barang`
--
ALTER TABLE `detail_pengadaan_barang`
  MODIFY `id` int NOT NULL AUTO_INCREMENT;

--
-- AUTO_INCREMENT for table `detail_permintaan_barang`
--
ALTER TABLE `detail_permintaan_barang`
  MODIFY `id` int NOT NULL AUTO_INCREMENT;

--
-- AUTO_INCREMENT for table `migrations`
--
ALTER TABLE `migrations`
  MODIFY `id` bigint UNSIGNED NOT NULL AUTO_INCREMENT, AUTO_INCREMENT=2;

--
-- AUTO_INCREMENT for table `pengecekan`
--
ALTER TABLE `pengecekan`
  MODIFY `pengecekan_id` int NOT NULL AUTO_INCREMENT, AUTO_INCREMENT=2;

--
-- AUTO_INCREMENT for table `satuan`
--
ALTER TABLE `satuan`
  MODIFY `satuan_id` int NOT NULL AUTO_INCREMENT, AUTO_INCREMENT=12;

--
-- AUTO_INCREMENT for table `transaksi_barang`
--
ALTER TABLE `transaksi_barang`
  MODIFY `id` int NOT NULL AUTO_INCREMENT;

--
-- AUTO_INCREMENT for table `users`
--
ALTER TABLE `users`
  MODIFY `id` int UNSIGNED NOT NULL AUTO_INCREMENT, AUTO_INCREMENT=22;

--
-- Constraints for dumped tables
--

--
-- Constraints for table `auth_groups_permissions`
--
ALTER TABLE `auth_groups_permissions`
  ADD CONSTRAINT `auth_groups_permissions_group_id_foreign` FOREIGN KEY (`group_id`) REFERENCES `auth_groups` (`id`) ON DELETE CASCADE,
  ADD CONSTRAINT `auth_groups_permissions_permission_id_foreign` FOREIGN KEY (`permission_id`) REFERENCES `auth_permissions` (`id`) ON DELETE CASCADE;

--
-- Constraints for table `auth_groups_users`
--
ALTER TABLE `auth_groups_users`
  ADD CONSTRAINT `auth_groups_users_group_id_foreign` FOREIGN KEY (`group_id`) REFERENCES `auth_groups` (`id`) ON DELETE CASCADE,
  ADD CONSTRAINT `auth_groups_users_user_id_foreign` FOREIGN KEY (`user_id`) REFERENCES `users` (`id`) ON DELETE CASCADE;

--
-- Constraints for table `auth_tokens`
--
ALTER TABLE `auth_tokens`
  ADD CONSTRAINT `auth_tokens_user_id_foreign` FOREIGN KEY (`user_id`) REFERENCES `users` (`id`) ON DELETE CASCADE;

--
-- Constraints for table `auth_users_permissions`
--
ALTER TABLE `auth_users_permissions`
  ADD CONSTRAINT `auth_users_permissions_permission_id_foreign` FOREIGN KEY (`permission_id`) REFERENCES `auth_permissions` (`id`) ON DELETE CASCADE,
  ADD CONSTRAINT `auth_users_permissions_user_id_foreign` FOREIGN KEY (`user_id`) REFERENCES `users` (`id`) ON DELETE CASCADE;

--
-- Constraints for table `barang`
--
ALTER TABLE `barang`
  ADD CONSTRAINT `barang_ibfk_2` FOREIGN KEY (`id_satuan`) REFERENCES `satuan` (`satuan_id`) ON DELETE CASCADE ON UPDATE CASCADE,
  ADD CONSTRAINT `barang_ibfk_3` FOREIGN KEY (`id_master_barang`) REFERENCES `detail_master` (`detail_master_id`) ON DELETE CASCADE ON UPDATE CASCADE;

--
-- Constraints for table `detail_master`
--
ALTER TABLE `detail_master`
  ADD CONSTRAINT `detail_master_ibfk_1` FOREIGN KEY (`master_barang`) REFERENCES `master_barang` (`kode_brg`) ON DELETE CASCADE ON UPDATE CASCADE;

--
-- Constraints for table `detail_pengadaan_barang`
--
ALTER TABLE `detail_pengadaan_barang`
  ADD CONSTRAINT `detail_pengadaan_barang_ibfk_1` FOREIGN KEY (`id_pengadaan_barang`) REFERENCES `pengadaan_barang` (`pengadaan_barang_id`) ON DELETE CASCADE ON UPDATE CASCADE;

--
-- Constraints for table `detail_permintaan_barang`
--
ALTER TABLE `detail_permintaan_barang`
  ADD CONSTRAINT `detail_permintaan_barang_ibfk_1` FOREIGN KEY (`kode_barang`) REFERENCES `barang` (`kode_barang`) ON DELETE CASCADE ON UPDATE CASCADE,
  ADD CONSTRAINT `detail_permintaan_barang_ibfk_2` FOREIGN KEY (`id_permintaan_barang`) REFERENCES `permintaan_barang` (`permintaan_barang_id`) ON DELETE CASCADE ON UPDATE CASCADE;

--
-- Constraints for table `inventaris`
--
ALTER TABLE `inventaris`
  ADD CONSTRAINT `inventaris_ibfk_2` FOREIGN KEY (`id_satuan`) REFERENCES `satuan` (`satuan_id`) ON DELETE CASCADE ON UPDATE CASCADE,
  ADD CONSTRAINT `inventaris_ibfk_3` FOREIGN KEY (`id_master_barang`) REFERENCES `detail_master` (`detail_master_id`) ON DELETE CASCADE ON UPDATE CASCADE;

--
-- Constraints for table `pengecekan`
--
ALTER TABLE `pengecekan`
  ADD CONSTRAINT `pengecekan_ibfk_1` FOREIGN KEY (`id_inventaris`) REFERENCES `inventaris` (`kode_barang`) ON DELETE CASCADE ON UPDATE CASCADE;

--
-- Constraints for table `transaksi_barang`
--
ALTER TABLE `transaksi_barang`
  ADD CONSTRAINT `transaksi_barang_ibfk_1` FOREIGN KEY (`kode_barang`) REFERENCES `barang` (`kode_barang`) ON DELETE CASCADE ON UPDATE CASCADE;
COMMIT;

/*!40101 SET CHARACTER_SET_CLIENT=@OLD_CHARACTER_SET_CLIENT */;
/*!40101 SET CHARACTER_SET_RESULTS=@OLD_CHARACTER_SET_RESULTS */;
/*!40101 SET COLLATION_CONNECTION=@OLD_COLLATION_CONNECTION */;
